-- phpMyAdmin SQL Dump
-- version 4.6.6
-- https://www.phpmyadmin.net/
--
-- Host: localhost
-- Generation Time: Jul 24, 2019 at 01:56 PM
-- Server version: 5.7.17-log
-- PHP Version: 5.6.30

SET SQL_MODE = "NO_AUTO_VALUE_ON_ZERO";
SET time_zone = "+00:00";


/*!40101 SET @OLD_CHARACTER_SET_CLIENT=@@CHARACTER_SET_CLIENT */;
/*!40101 SET @OLD_CHARACTER_SET_RESULTS=@@CHARACTER_SET_RESULTS */;
/*!40101 SET @OLD_COLLATION_CONNECTION=@@COLLATION_CONNECTION */;
/*!40101 SET NAMES utf8mb4 */;

--
-- Database: `db_penggajian`
--

-- --------------------------------------------------------

--
-- Table structure for table `absen`
--

CREATE TABLE `absen` (
  `id_absen` int(5) NOT NULL,
  `nip` char(25) NOT NULL,
  `tglabsen` date NOT NULL,
  `absen` enum('h','s','i','a') NOT NULL,
  `keterangan` varchar(100) NOT NULL
) ENGINE=MyISAM DEFAULT CHARSET=latin1;

--
-- Dumping data for table `absen`
--

INSERT INTO `absen` (`id_absen`, `nip`, `tglabsen`, `absen`, `keterangan`) VALUES
(1, '196707081993121003', '2018-10-01', 'i', ''),
(2, '196707081993121003', '2018-10-02', 's', ''),
(3, '196707081993121003', '2018-10-03', 'i', ''),
(4, '196707081993121003', '2018-10-04', 'h', ''),
(5, '196707081993121003', '2018-10-05', 's', ''),
(6, '196707081993121003', '2018-10-08', 'i', ''),
(7, '196707081993121003', '2018-10-09', 'a', ''),
(8, '196707081993121003', '2018-10-10', 'i', ''),
(9, '196707081993121003', '2018-10-11', 'a', ''),
(10, '196707081993121003', '2018-10-12', 'a', ''),
(11, '196707081993121003', '2018-10-15', 'h', ''),
(12, '196707081993121003', '2018-10-16', 's', ''),
(13, '196707081993121003', '2018-10-17', 's', ''),
(14, '196707081993121003', '2018-10-18', 'a', ''),
(15, '196707081993121003', '2018-10-19', 'i', ''),
(16, '196707081993121003', '2018-10-22', 'i', ''),
(17, '196707081993121003', '2018-10-23', 's', ''),
(18, '196707081993121003', '2018-10-24', 's', ''),
(19, '196707081993121003', '2018-10-25', 'a', ''),
(20, '196707081993121003', '2018-10-26', 'a', ''),
(21, '196707081993121003', '2018-10-29', 'a', ''),
(22, '196707081993121003', '2018-10-30', 'i', ''),
(23, '196707081993121003', '2018-10-31', 'a', ''),
(24, '196704132006041008', '2018-10-01', 'h', ''),
(25, '196704132006041008', '2018-10-02', 'a', ''),
(26, '196704132006041008', '2018-10-03', 'h', ''),
(27, '196704132006041008', '2018-10-04', 'h', ''),
(28, '196704132006041008', '2018-10-05', 'h', ''),
(29, '196704132006041008', '2018-10-08', 's', ''),
(30, '196704132006041008', '2018-10-09', 's', ''),
(31, '196704132006041008', '2018-10-10', 'i', ''),
(32, '196704132006041008', '2018-10-11', 'a', ''),
(33, '196704132006041008', '2018-10-12', 'i', ''),
(34, '196704132006041008', '2018-10-15', 's', ''),
(35, '196704132006041008', '2018-10-16', 'i', ''),
(36, '196704132006041008', '2018-10-17', 'h', ''),
(37, '196704132006041008', '2018-10-18', 's', ''),
(38, '196704132006041008', '2018-10-19', 'i', ''),
(39, '196704132006041008', '2018-10-22', 'a', ''),
(40, '196704132006041008', '2018-10-23', 'i', ''),
(41, '196704132006041008', '2018-10-24', 's', ''),
(42, '196704132006041008', '2018-10-25', 'i', ''),
(43, '196704132006041008', '2018-10-26', 'h', ''),
(44, '196704132006041008', '2018-10-29', 's', ''),
(45, '196704132006041008', '2018-10-30', 'a', ''),
(46, '196704132006041008', '2018-10-31', 'i', ''),
(47, '196907201994081001', '2018-10-01', 's', ''),
(48, '196907201994081001', '2018-10-02', 'h', ''),
(49, '196907201994081001', '2018-10-03', 'i', ''),
(50, '196907201994081001', '2018-10-04', 'h', ''),
(51, '196907201994081001', '2018-10-05', 'h', ''),
(52, '196907201994081001', '2018-10-08', 'h', ''),
(53, '196907201994081001', '2018-10-09', 'i', ''),
(54, '196907201994081001', '2018-10-10', 'h', ''),
(55, '196907201994081001', '2018-10-11', 'i', ''),
(56, '196907201994081001', '2018-10-12', 'h', ''),
(57, '196907201994081001', '2018-10-15', 'h', ''),
(58, '196907201994081001', '2018-10-16', 's', ''),
(59, '196907201994081001', '2018-10-17', 's', ''),
(60, '196907201994081001', '2018-10-18', 's', ''),
(61, '196907201994081001', '2018-10-19', 'i', ''),
(62, '196907201994081001', '2018-10-22', 'i', ''),
(63, '196907201994081001', '2018-10-23', 'i', ''),
(64, '196907201994081001', '2018-10-24', 'a', ''),
(65, '196907201994081001', '2018-10-25', 'a', ''),
(66, '196907201994081001', '2018-10-26', 'a', ''),
(67, '196907201994081001', '2018-10-29', 'h', ''),
(68, '196907201994081001', '2018-10-30', 'h', ''),
(69, '196907201994081001', '2018-10-31', 's', ''),
(70, '198001232002121003', '2018-10-01', 'i', ''),
(71, '198001232002121003', '2018-10-02', 's', ''),
(72, '198001232002121003', '2018-10-03', 'h', ''),
(73, '198001232002121003', '2018-10-04', 'i', ''),
(74, '198001232002121003', '2018-10-05', 'i', ''),
(75, '198001232002121003', '2018-10-08', 's', ''),
(76, '198001232002121003', '2018-10-09', 'a', ''),
(77, '198001232002121003', '2018-10-10', 'h', ''),
(78, '198001232002121003', '2018-10-11', 'i', ''),
(79, '198001232002121003', '2018-10-12', 'a', ''),
(80, '198001232002121003', '2018-10-15', 's', ''),
(81, '198001232002121003', '2018-10-16', 'h', ''),
(82, '198001232002121003', '2018-10-17', 's', ''),
(83, '198001232002121003', '2018-10-18', 'i', ''),
(84, '198001232002121003', '2018-10-19', 'a', ''),
(85, '198001232002121003', '2018-10-22', 'h', ''),
(86, '198001232002121003', '2018-10-23', 'h', ''),
(87, '198001232002121003', '2018-10-24', 'i', ''),
(88, '198001232002121003', '2018-10-25', 'i', ''),
(89, '198001232002121003', '2018-10-26', 's', ''),
(90, '198001232002121003', '2018-10-29', 's', ''),
(91, '198001232002121003', '2018-10-30', 'a', ''),
(92, '198001232002121003', '2018-10-31', 'i', ''),
(348, '198001232002121003', '2018-08-27', 'a', ''),
(347, '198001232002121003', '2018-08-24', 'h', ''),
(346, '198001232002121003', '2018-08-23', 'a', ''),
(345, '198001232002121003', '2018-08-22', 'h', ''),
(344, '198001232002121003', '2018-08-21', 'i', ''),
(343, '198001232002121003', '2018-08-20', 'i', ''),
(342, '198001232002121003', '2018-08-17', 'i', ''),
(341, '198001232002121003', '2018-08-16', 's', ''),
(340, '198001232002121003', '2018-08-15', 'a', ''),
(339, '198001232002121003', '2018-08-14', 's', ''),
(338, '198001232002121003', '2018-08-13', 'h', ''),
(337, '198001232002121003', '2018-08-10', 's', ''),
(336, '198001232002121003', '2018-08-09', 's', ''),
(335, '198001232002121003', '2018-08-08', 's', ''),
(334, '198001232002121003', '2018-08-07', 'h', ''),
(333, '198001232002121003', '2018-08-06', 'a', ''),
(332, '198001232002121003', '2018-08-03', 'a', ''),
(331, '198001232002121003', '2018-08-02', 'h', ''),
(330, '198001232002121003', '2018-08-01', 'a', ''),
(329, '196907201994081001', '2018-08-31', 'h', ''),
(328, '196907201994081001', '2018-08-30', 'i', ''),
(327, '196907201994081001', '2018-08-29', 'h', ''),
(326, '196907201994081001', '2018-08-28', 'i', ''),
(325, '196907201994081001', '2018-08-27', 'a', ''),
(324, '196907201994081001', '2018-08-24', 'i', ''),
(323, '196907201994081001', '2018-08-23', 'h', ''),
(322, '196907201994081001', '2018-08-22', 'a', ''),
(321, '196907201994081001', '2018-08-21', 's', ''),
(320, '196907201994081001', '2018-08-20', 'h', ''),
(319, '196907201994081001', '2018-08-17', 's', ''),
(318, '196907201994081001', '2018-08-16', 's', ''),
(317, '196907201994081001', '2018-08-15', 'i', ''),
(316, '196907201994081001', '2018-08-14', 'a', ''),
(315, '196907201994081001', '2018-08-13', 'h', ''),
(314, '196907201994081001', '2018-08-10', 'a', ''),
(313, '196907201994081001', '2018-08-09', 's', ''),
(312, '196907201994081001', '2018-08-08', 'h', ''),
(311, '196907201994081001', '2018-08-07', 'a', ''),
(310, '196907201994081001', '2018-08-06', 's', ''),
(309, '196907201994081001', '2018-08-03', 'a', ''),
(308, '196907201994081001', '2018-08-02', 'i', ''),
(307, '196907201994081001', '2018-08-01', 'a', ''),
(306, '196704132006041008', '2018-08-31', 's', ''),
(305, '196704132006041008', '2018-08-30', 'a', ''),
(304, '196704132006041008', '2018-08-29', 'a', ''),
(303, '196704132006041008', '2018-08-28', 'a', ''),
(302, '196704132006041008', '2018-08-27', 'a', ''),
(301, '196704132006041008', '2018-08-24', 's', ''),
(300, '196704132006041008', '2018-08-23', 'h', ''),
(299, '196704132006041008', '2018-08-22', 'h', ''),
(298, '196704132006041008', '2018-08-21', 's', ''),
(297, '196704132006041008', '2018-08-20', 'i', ''),
(296, '196704132006041008', '2018-08-17', 'h', ''),
(295, '196704132006041008', '2018-08-16', 'a', ''),
(294, '196704132006041008', '2018-08-15', 'i', ''),
(293, '196704132006041008', '2018-08-14', 'i', ''),
(292, '196704132006041008', '2018-08-13', 's', ''),
(291, '196704132006041008', '2018-08-10', 'i', ''),
(290, '196704132006041008', '2018-08-09', 'h', ''),
(289, '196704132006041008', '2018-08-08', 'a', ''),
(288, '196704132006041008', '2018-08-07', 's', ''),
(287, '196704132006041008', '2018-08-06', 'h', ''),
(286, '196704132006041008', '2018-08-03', 'a', ''),
(285, '196704132006041008', '2018-08-02', 's', ''),
(284, '196704132006041008', '2018-08-01', 'i', ''),
(283, '196707081993121003', '2018-08-31', 'i', ''),
(282, '196707081993121003', '2018-08-30', 's', ''),
(281, '196707081993121003', '2018-08-29', 's', ''),
(280, '196707081993121003', '2018-08-28', 's', ''),
(279, '196707081993121003', '2018-08-27', 's', ''),
(278, '196707081993121003', '2018-08-24', 'i', ''),
(277, '196707081993121003', '2018-08-23', 'h', ''),
(276, '196707081993121003', '2018-08-22', 'a', ''),
(275, '196707081993121003', '2018-08-21', 'a', ''),
(274, '196707081993121003', '2018-08-20', 'h', ''),
(273, '196707081993121003', '2018-08-17', 's', ''),
(272, '196707081993121003', '2018-08-16', 'h', ''),
(271, '196707081993121003', '2018-08-15', 'i', ''),
(270, '196707081993121003', '2018-08-14', 'h', ''),
(269, '196707081993121003', '2018-08-13', 'i', ''),
(268, '196707081993121003', '2018-08-10', 's', ''),
(267, '196707081993121003', '2018-08-09', 'a', ''),
(266, '196707081993121003', '2018-08-08', 'a', ''),
(265, '196707081993121003', '2018-08-07', 'i', ''),
(264, '196707081993121003', '2018-08-06', 'i', ''),
(263, '196707081993121003', '2018-08-03', 'h', ''),
(262, '196707081993121003', '2018-08-02', 'i', ''),
(261, '196707081993121003', '2018-08-01', 'i', ''),
(181, '196707081993121003', '2018-09-03', 'i', ''),
(182, '196707081993121003', '2018-09-04', 'h', ''),
(183, '196707081993121003', '2018-09-05', 'h', ''),
(184, '196707081993121003', '2018-09-06', 's', ''),
(185, '196707081993121003', '2018-09-07', 'i', ''),
(186, '196707081993121003', '2018-09-10', 'h', ''),
(187, '196707081993121003', '2018-09-11', 'h', ''),
(188, '196707081993121003', '2018-09-12', 'a', ''),
(189, '196707081993121003', '2018-09-13', 'h', ''),
(190, '196707081993121003', '2018-09-14', 'h', ''),
(191, '196707081993121003', '2018-09-17', 's', ''),
(192, '196707081993121003', '2018-09-18', 'h', ''),
(193, '196707081993121003', '2018-09-19', 'a', ''),
(194, '196707081993121003', '2018-09-20', 'i', ''),
(195, '196707081993121003', '2018-09-21', 's', ''),
(196, '196707081993121003', '2018-09-24', 'h', ''),
(197, '196707081993121003', '2018-09-25', 'i', ''),
(198, '196707081993121003', '2018-09-26', 'i', ''),
(199, '196707081993121003', '2018-09-27', 'i', ''),
(200, '196707081993121003', '2018-09-28', 's', ''),
(201, '196704132006041008', '2018-09-03', 's', ''),
(202, '196704132006041008', '2018-09-04', 's', ''),
(203, '196704132006041008', '2018-09-05', 's', ''),
(204, '196704132006041008', '2018-09-06', 'a', ''),
(205, '196704132006041008', '2018-09-07', 'i', ''),
(206, '196704132006041008', '2018-09-10', 's', ''),
(207, '196704132006041008', '2018-09-11', 'i', ''),
(208, '196704132006041008', '2018-09-12', 's', ''),
(209, '196704132006041008', '2018-09-13', 'i', ''),
(210, '196704132006041008', '2018-09-14', 'a', ''),
(211, '196704132006041008', '2018-09-17', 'h', ''),
(212, '196704132006041008', '2018-09-18', 'a', ''),
(213, '196704132006041008', '2018-09-19', 'a', ''),
(214, '196704132006041008', '2018-09-20', 'a', ''),
(215, '196704132006041008', '2018-09-21', 'a', ''),
(216, '196704132006041008', '2018-09-24', 's', ''),
(217, '196704132006041008', '2018-09-25', 'h', ''),
(218, '196704132006041008', '2018-09-26', 'a', ''),
(219, '196704132006041008', '2018-09-27', 'h', ''),
(220, '196704132006041008', '2018-09-28', 'h', ''),
(221, '196907201994081001', '2018-09-03', 'h', ''),
(222, '196907201994081001', '2018-09-04', 's', ''),
(223, '196907201994081001', '2018-09-05', 'h', ''),
(224, '196907201994081001', '2018-09-06', 'i', ''),
(225, '196907201994081001', '2018-09-07', 'a', ''),
(226, '196907201994081001', '2018-09-10', 'a', ''),
(227, '196907201994081001', '2018-09-11', 'a', ''),
(228, '196907201994081001', '2018-09-12', 'a', ''),
(229, '196907201994081001', '2018-09-13', 'h', ''),
(230, '196907201994081001', '2018-09-14', 'a', ''),
(231, '196907201994081001', '2018-09-17', 'a', ''),
(232, '196907201994081001', '2018-09-18', 'a', ''),
(233, '196907201994081001', '2018-09-19', 'a', ''),
(234, '196907201994081001', '2018-09-20', 'h', ''),
(235, '196907201994081001', '2018-09-21', 'i', ''),
(236, '196907201994081001', '2018-09-24', 'h', ''),
(237, '196907201994081001', '2018-09-25', 'a', ''),
(238, '196907201994081001', '2018-09-26', 'h', ''),
(239, '196907201994081001', '2018-09-27', 'h', ''),
(240, '196907201994081001', '2018-09-28', 'h', ''),
(241, '198001232002121003', '2018-09-03', 'i', ''),
(242, '198001232002121003', '2018-09-04', 'h', ''),
(243, '198001232002121003', '2018-09-05', 's', ''),
(244, '198001232002121003', '2018-09-06', 's', ''),
(245, '198001232002121003', '2018-09-07', 'i', ''),
(246, '198001232002121003', '2018-09-10', 'i', ''),
(247, '198001232002121003', '2018-09-11', 'a', ''),
(248, '198001232002121003', '2018-09-12', 'i', ''),
(249, '198001232002121003', '2018-09-13', 'h', ''),
(250, '198001232002121003', '2018-09-14', 'i', ''),
(251, '198001232002121003', '2018-09-17', 'a', ''),
(252, '198001232002121003', '2018-09-18', 's', ''),
(253, '198001232002121003', '2018-09-19', 's', ''),
(254, '198001232002121003', '2018-09-20', 'a', ''),
(255, '198001232002121003', '2018-09-21', 's', ''),
(256, '198001232002121003', '2018-09-24', 'a', ''),
(257, '198001232002121003', '2018-09-25', 'i', ''),
(258, '198001232002121003', '2018-09-26', 's', ''),
(259, '198001232002121003', '2018-09-27', 'a', ''),
(260, '198001232002121003', '2018-09-28', 'h', ''),
(349, '198001232002121003', '2018-08-28', 'i', ''),
(350, '198001232002121003', '2018-08-29', 'i', ''),
(351, '198001232002121003', '2018-08-30', 's', ''),
(352, '198001232002121003', '2018-08-31', 'i', '');

-- --------------------------------------------------------

--
-- Table structure for table `golongan`
--

CREATE TABLE `golongan` (
  `id_gol` int(5) NOT NULL,
  `golongan` varchar(30) NOT NULL,
  `gaji_pokok` char(20) NOT NULL,
  `tunj_ismi` char(20) NOT NULL,
  `tunj_anak` char(20) NOT NULL,
  `tunj_eselon` char(20) NOT NULL,
  `tunj_beras` char(20) NOT NULL,
  `tunj_bpjs` char(20) NOT NULL,
  `pembulatan` char(10) NOT NULL,
  `pot_bpjs` char(20) NOT NULL,
  `pot_iwp2` char(10) NOT NULL,
  `pot_iwp8` char(10) NOT NULL,
  `pot_taperum` char(10) NOT NULL
) ENGINE=MyISAM DEFAULT CHARSET=latin1;

--
-- Dumping data for table `golongan`
--

INSERT INTO `golongan` (`id_gol`, `golongan`, `gaji_pokok`, `tunj_ismi`, `tunj_anak`, `tunj_eselon`, `tunj_beras`, `tunj_bpjs`, `pembulatan`, `pot_bpjs`, `pot_iwp2`, `pot_iwp8`, `pot_taperum`) VALUES
(3, 'IV/a', '3832800', '383280', '153312', '1260000', '289680', '131082', '67', '131082', '87388', '349551', '10000'),
(4, 'III/c', '3528100', '352810', '352810', '540000', '289680', '120661', '89', '120661', '352810', '321762', '7000'),
(6, 'III/b', '2898700', '289870', '57974', '540000', '217260', '97396', '50', '97396', '64931', '259723', '7000'),
(7, 'III/a', '2781100', '278110', '50680', '185000', '144840', '77540', '48', '77540', '51694', '206774', '7000'),
(8, 'II/c', '2989300', '298930', '59786', '180000', '217260', '100440', '26', '100440', '66960', '267842', '5000'),
(9, 'II/b', '2613200', '261320', '104528', '180000', '289680', '89371', '77', '89371', '59581', '328324', '5000'),
(10, 'II/a', '2214700', '221470', '88588', '180000', '289680', '75743', '38', '75743', '50495', '201981', '5000'),
(11, 'I/c', '1975800', '197580', '79032', '175000', '289680', '67572', '49', '67572', '45048', '180193', '3000'),
(12, 'I/b', '1895700', '189570', '75828', '175000', '289680', '64833', '32', '64833', '43222', '172888', '3000');

-- --------------------------------------------------------

--
-- Table structure for table `login`
--

CREATE TABLE `login` (
  `idlogin` int(5) NOT NULL,
  `username` varchar(100) NOT NULL,
  `password` varchar(100) NOT NULL,
  `akses` enum('pimpinan','admin','pegawai') NOT NULL,
  `idl` varchar(25) NOT NULL
) ENGINE=MyISAM DEFAULT CHARSET=latin1;

--
-- Dumping data for table `login`
--

INSERT INTO `login` (`idlogin`, `username`, `password`, `akses`, `idl`) VALUES
(1, 'afni', 'afni', 'admin', '01'),
(8, 'masri', 'masri', 'pegawai', '196707081993121003'),
(4, 'afni', '1234', 'pimpinan', '02'),
(9, 'abdul', 'abdul', 'pegawai', '196704132006041008'),
(10, 'nas', 'nas', 'pegawai', '196907201994081001'),
(11, 'rusdi', 'rusdi', 'pegawai', '198001232002121003');

-- --------------------------------------------------------

--
-- Table structure for table `pegawai`
--

CREATE TABLE `pegawai` (
  `nip` char(25) NOT NULL,
  `nama` varchar(100) NOT NULL,
  `tmptlhr` varchar(100) NOT NULL,
  `tgllhr` date NOT NULL,
  `jabatan` varchar(100) NOT NULL,
  `status` enum('y','n') NOT NULL,
  `anak` char(15) NOT NULL,
  `npwp` varchar(25) NOT NULL,
  `id_gol` varchar(10) NOT NULL
) ENGINE=MyISAM DEFAULT CHARSET=latin1;

--
-- Dumping data for table `pegawai`
--

INSERT INTO `pegawai` (`nip`, `nama`, `tmptlhr`, `tgllhr`, `jabatan`, `status`, `anak`, `npwp`, `id_gol`) VALUES
('196707081993121003', 'Masri M. Laebo, S.Sos', 'Gorontalo', '1967-07-08', 'Kasatker', 'y', '2', '16.043.960.0-633.000', '3'),
('196704132006041008', 'Abdullah Abubakar', 'Gorontalo', '1969-07-20', 'Sekcam', 'y', '1', '67.337.648.9-833.000', '4'),
('196907201994081001', 'Nasrudin, S..Pd', 'Gorontalo', '1967-04-13', 'Kasi Pemerintahan', 'y', '2', '88.579.568.2-833000', '4'),
('198001232002121003', 'Moh. Rusi Abd. Karim', 'Gorontalo', '1980-01-23', 'Kasi Pemberayaan dan Kesra', 'y', '1', '79.389.645.7-833.000', '4');

-- --------------------------------------------------------

--
-- Table structure for table `penggajian`
--

CREATE TABLE `penggajian` (
  `nomor_slip` int(5) NOT NULL,
  `nip` char(25) NOT NULL,
  `tglgaji` date NOT NULL,
  `gajipokok` char(15) NOT NULL,
  `potongan` char(15) NOT NULL,
  `gaji_bersih` char(15) NOT NULL
) ENGINE=MyISAM DEFAULT CHARSET=latin1;

--
-- Dumping data for table `penggajian`
--

INSERT INTO `penggajian` (`nomor_slip`, `nip`, `tglgaji`, `gajipokok`, `potongan`, `gaji_bersih`) VALUES
(1, '196707081993121003', '2018-10-05', '6050221', '978021', '5072200'),
(4, '196707081993121003', '2018-09-02', '6050221', '678021', '5372200'),
(3, '196704132006041008', '2018-09-02', '5184150', '1152233', '4031917'),
(5, '198001232002121003', '2018-09-02', '5184150', '1052233', '4131917'),
(6, '196907201994081001', '2018-09-02', '5184150', '1252233', '3931917'),
(7, '196704132006041008', '2018-10-05', '5184150', '1002233', '4181917'),
(8, '198001232002121003', '2018-10-05', '5184150', '1002233', '4181917'),
(9, '196907201994081001', '2018-10-05', '5184150', '952233', '4231917'),
(10, '196704132006041008', '2018-08-04', '5184150', '1152233', '4031917');

-- --------------------------------------------------------

--
-- Table structure for table `user`
--

CREATE TABLE `user` (
  `id_user` char(10) NOT NULL,
  `nama` varchar(100) NOT NULL,
  `jenis_k` enum('L','P') NOT NULL,
  `no_telp` varchar(12) NOT NULL
) ENGINE=MyISAM DEFAULT CHARSET=latin1;

--
-- Dumping data for table `user`
--

INSERT INTO `user` (`id_user`, `nama`, `jenis_k`, `no_telp`) VALUES
('01', 'aditya gani', 'L', '082347876847'),
('02', 'Afni', 'P', '000000000000');

--
-- Indexes for dumped tables
--

--
-- Indexes for table `absen`
--
ALTER TABLE `absen`
  ADD PRIMARY KEY (`id_absen`);

--
-- Indexes for table `golongan`
--
ALTER TABLE `golongan`
  ADD PRIMARY KEY (`id_gol`);

--
-- Indexes for table `login`
--
ALTER TABLE `login`
  ADD PRIMARY KEY (`idlogin`);

--
-- Indexes for table `pegawai`
--
ALTER TABLE `pegawai`
  ADD PRIMARY KEY (`nip`);

--
-- Indexes for table `penggajian`
--
ALTER TABLE `penggajian`
  ADD PRIMARY KEY (`nomor_slip`);

--
-- Indexes for table `user`
--
ALTER TABLE `user`
  ADD PRIMARY KEY (`id_user`);

--
-- AUTO_INCREMENT for dumped tables
--

--
-- AUTO_INCREMENT for table `absen`
--
ALTER TABLE `absen`
  MODIFY `id_absen` int(5) NOT NULL AUTO_INCREMENT, AUTO_INCREMENT=353;
--
-- AUTO_INCREMENT for table `golongan`
--
ALTER TABLE `golongan`
  MODIFY `id_gol` int(5) NOT NULL AUTO_INCREMENT, AUTO_INCREMENT=13;
--
-- AUTO_INCREMENT for table `login`
--
ALTER TABLE `login`
  MODIFY `idlogin` int(5) NOT NULL AUTO_INCREMENT, AUTO_INCREMENT=14;
--
-- AUTO_INCREMENT for table `penggajian`
--
ALTER TABLE `penggajian`
  MODIFY `nomor_slip` int(5) NOT NULL AUTO_INCREMENT, AUTO_INCREMENT=11;
/*!40101 SET CHARACTER_SET_CLIENT=@OLD_CHARACTER_SET_CLIENT */;
/*!40101 SET CHARACTER_SET_RESULTS=@OLD_CHARACTER_SET_RESULTS */;
/*!40101 SET COLLATION_CONNECTION=@OLD_COLLATION_CONNECTION */;
